original_id,modified_id
2996,0
7937,1
8151,2
10286,3
10287,4
10288,5
10289,6
10290,7
10291,8
10292,9
10293,10
10294,11
10295,12
10296,13
10297,14
10298,15
10299,16
10300,17
10301,18
10302,19
10303,20
10304,21
10305,22
10306,23
10307,24
10308,25
10310,26
10312,27
10313,28
10314,29
10315,30
10317,31
10318,32
10319,33
10320,34
10322,35
10323,36
10325,37
10326,38
10327,39
10328,40
10329,41
10331,42
10332,43
10334,44
10335,45
10336,46
10337,47
10339,48
10340,49
10341,50
10342,51
10344,52
10345,53
10346,54
10347,55
10348,56
10350,57
10351,58
10352,59
10354,60
10355,61
10356,62
10357,63
10358,64
10359,65
10360,66
10362,67
10363,68
10364,69
10365,70
10366,71
10368,72
10370,73
10371,74
10372,75
10373,76
10375,77
10378,78
10379,79
10381,80
10382,81
10383,82
10385,83
10386,84
10389,85
10390,86
10391,87
10392,88
10394,89
10395,90
10396,91
10397,92
10398,93
10399,94
10400,95
10401,96
10403,97
10404,98
10405,99
10406,100
10407,101
10408,102
10409,103
10410,104
10411,105
10412,106
10413,107
10415,108
10419,109
10421,110
10422,111
10423,112
10424,113
10428,114
10430,115
10432,116
10433,117
10435,118
10436,119
10437,120
10438,121
10439,122
10440,123
10441,124
10442,125
10443,126
10444,127
10445,128
10446,129
10447,130
10448,131
10450,132
10452,133
10455,134
10456,135
10458,136
10459,137
10460,138
10462,139
10463,140
10464,141
10465,142
10466,143
10467,144
10468,145
10469,146
10470,147
10472,148
10473,149
10474,150
10475,151
10476,152
10477,153
10478,154
10479,155
10480,156
10481,157
10482,158
10484,159
10485,160
10486,161
10487,162
10488,163
10489,164
10490,165
10491,166
10492,167
10493,168
10494,169
10496,170
10497,171
10498,172
10500,173
10501,174
10502,175
10503,176
10504,177
10505,178
10506,179
10507,180
10508,181
10510,182
10511,183
10512,184
10513,185
10515,186
10516,187
10517,188
10519,189
10520,190
10521,191
10522,192
10523,193
10524,194
10525,195
10526,196
10527,197
10528,198
10529,199
10531,200
10532,201
10533,202
10534,203
10535,204
10536,205
10537,206
10538,207
10541,208
10542,209
10543,210
10544,211
10545,212
10546,213
10547,214
10548,215
10549,216
10550,217
10551,218
10552,219
10553,220
10556,221
10557,222
10558,223
10559,224
10560,225
10561,226
10562,227
10563,228
10564,229
10565,230
10566,231
10567,232
10569,233
10570,234
10571,235
10572,236
10573,237
10574,238
10575,239
10576,240
10577,241
10578,242
10579,243
10580,244
10581,245
10582,246
10583,247
10584,248
10585,249
10586,250
10587,251
10588,252
10589,253
10590,254
10591,255
10592,256
10593,257
10594,258
10595,259
10596,260
10601,261
10602,262
10603,263
10604,264
10605,265
10606,266
10608,267
10609,268
10611,269
10612,270
10613,271
10615,272
10617,273
10618,274
10619,275
10621,276
10624,277
10625,278
10627,279
10628,280
10629,281
10631,282
10632,283
10633,284
10634,285
10635,286
10636,287
10637,288
10638,289
10639,290
10640,291
10644,292
10645,293
10646,294
10647,295
10648,296
10650,297
10651,298
10652,299
10653,300
10654,301
10655,302
10656,303
10657,304
10658,305
10659,306
10660,307
10661,308
10662,309
10663,310
10664,311
10665,312
10666,313
10669,314
10670,315
10671,316
10673,317
10674,318
10675,319
10676,320
10677,321
10679,322
10680,323
10681,324
10682,325
10683,326
10684,327
10687,328
10688,329
10689,330
10690,331
10691,332
10693,333
10694,334
10697,335
10698,336
10699,337
10700,338
10701,339
10702,340
10704,341
10705,342
10706,343
10707,344
10709,345
10710,346
10711,347
10712,348
10713,349
10715,350
10716,351
10717,352
10718,353
10719,354
10720,355
10721,356
10722,357
10723,358
10724,359
10725,360
10726,361
10727,362
10728,363
10729,364
10730,365
10731,366
10732,367
10734,368
10735,369
10736,370
10737,371
10738,372
10739,373
10740,374
10741,375
10742,376
10743,377
10744,378
10745,379
10747,380
10748,381
10749,382
10750,383
10751,384
10752,385
10753,386
10754,387
10755,388
10756,389
10757,390
10759,391
10760,392
10761,393
10762,394
10763,395
10764,396
10765,397
10766,398
10767,399
10768,400
10769,401
10770,402
10772,403
10773,404
10774,405
10776,406
10777,407
10779,408
10781,409
10782,410
10783,411
10784,412
10785,413
10786,414
10787,415
10789,416
10790,417
10791,418
10793,419
10795,420
10797,421
10798,422
10800,423
10801,424
10802,425
10803,426
10805,427
10806,428
10807,429
10808,430
10809,431
10811,432
10813,433
10815,434
10816,435
10817,436
10818,437
10819,438
10820,439
10821,440
10822,441
10825,442
10826,443
10827,444
10828,445
10829,446
10830,447
10831,448
10832,449
10834,450
10835,451
10836,452
10837,453
10838,454
10840,455
10841,456
10842,457
10843,458
10844,459
10845,460
10846,461
10848,462
10849,463
10851,464
10852,465
10853,466
10854,467
10855,468
10856,469
10857,470
10858,471
10859,472
10860,473
10861,474
10862,475
10863,476
10864,477
10865,478
10866,479
10867,480
10869,481
10871,482
10872,483
10873,484
10874,485
10875,486
10876,487
10877,488
10879,489
10880,490
10881,491
10882,492
10884,493
10886,494
10887,495
10889,496
10891,497
10892,498
10893,499
10894,500
10896,501
10897,502
10898,503
10900,504
10901,505
10902,506
10903,507
10904,508
10905,509
10906,510
10907,511
10908,512
10909,513
10910,514
10911,515
10912,516
10913,517
10914,518
10915,519
10916,520
10917,521
10918,522
10919,523
10920,524
10921,525
10923,526
10924,527
10927,528
10928,529
10929,530
10930,531
10931,532
10935,533
10936,534
10937,535
10938,536
10939,537
10940,538
10941,539
10942,540
10943,541
10944,542
10946,543
10947,544
10948,545
10950,546
10952,547
10953,548
10954,549
10955,550
10956,551
10957,552
10958,553
10959,554
10960,555
10961,556
10962,557
10963,558
10964,559
10965,560
10966,561
10968,562
10969,563
10970,564
10971,565
10972,566
10973,567
10974,568
10976,569
10977,570
10978,571
10979,572
10980,573
10981,574
10982,575
10983,576
10985,577
10987,578
10988,579
10989,580
10990,581
10991,582
10992,583
10993,584
10995,585
10996,586
10997,587
10998,588
10999,589
11000,590
11001,591
11005,592
11006,593
11007,594
11009,595
11011,596
11012,597
11014,598
11015,599
11016,600
11017,601
11018,602
11019,603
11020,604
11022,605
11024,606
11025,607
11026,608
11027,609
11028,610
11029,611
11030,612
11031,613
11032,614
11033,615
11034,616
11035,617
11036,618
11037,619
11039,620
11040,621
11041,622
11042,623
11043,624
11044,625
11045,626
11046,627
11047,628
11048,629
11049,630
11050,631
11052,632
11053,633
11054,634
11055,635
11056,636
11057,637
11058,638
11059,639
11061,640
11063,641
11064,642
11065,643
11066,644
11070,645
11072,646
11073,647
11074,648
11076,649
11077,650
11078,651
11079,652
11080,653
11081,654
11084,655
11085,656
11087,657
11088,658
11090,659
11092,660
11093,661
11094,662
11096,663
11097,664
11098,665
11099,666
11100,667
11101,668
11104,669
11105,670
11106,671
11107,672
11108,673
11113,674
11115,675
11116,676
11117,677
11119,678
11123,679
11124,680
11126,681
11127,682
11128,683
11129,684
11130,685
11132,686
11133,687
11134,688
11136,689
11137,690
11138,691
11139,692
11140,693
11142,694
11144,695
11145,696
11146,697
11148,698
11150,699
11153,700
11154,701
11155,702
11156,703
11158,704
11159,705
11160,706
11162,707
11164,708
11165,709
11167,710
11169,711
11170,712
11171,713
11172,714
11173,715
11174,716
11175,717
11176,718
11178,719
11179,720
11180,721
11181,722
11182,723
11184,724
11185,725
11189,726
11191,727
11192,728
11193,729
11194,730
11195,731
11196,732
11197,733
11198,734
11199,735
11200,736
11201,737
11203,738
11204,739
11206,740
11207,741
11209,742
11210,743
11213,744
11214,745
11215,746
11216,747
11217,748
11219,749
11220,750
11222,751
11223,752
11226,753
11227,754
11228,755
11229,756
11230,757
11233,758
11234,759
11235,760
11236,761
11237,762
11238,763
11239,764
11240,765
11241,766
11242,767
11243,768
11244,769
11245,770
11246,771
11248,772
11250,773
11251,774
11254,775
11255,776
11256,777
11257,778
11259,779
11260,780
11261,781
11262,782
11263,783
11264,784
11265,785
11266,786
11267,787
11268,788
11269,789
11270,790
11271,791
11272,792
11273,793
11275,794
11276,795
11277,796
11279,797
11280,798
11283,799
11284,800
11285,801
11286,802
11287,803
11288,804
11289,805
11290,806
11291,807
11292,808
11293,809
11294,810
11295,811
11296,812
11297,813
11298,814
11299,815
11300,816
11301,817
11302,818
11303,819
11304,820
11306,821
11307,822
11308,823
11309,824
11310,825
11311,826
11312,827
11313,828
11314,829
11315,830
11316,831
11317,832
11318,833
11319,834
11320,835
11321,836
11322,837
11323,838
11324,839
11327,840
11329,841
11330,842
11331,843
11332,844
11333,845
11334,846
11335,847
11336,848
11337,849
11338,850
11339,851
11340,852
11341,853
11342,854
11343,855
11345,856
11346,857
11348,858
11349,859
11351,860
11352,861
11355,862
11356,863
11357,864
11358,865
11359,866
11360,867
11361,868
11363,869
11364,870
11365,871
11367,872
11368,873
11369,874
11370,875
11372,876
11373,877
11374,878
11378,879
11379,880
11380,881
11382,882
11383,883
11385,884
11386,885
11387,886
11388,887
11389,888
11390,889
11392,890
11393,891
11394,892
11395,893
11396,894
11397,895
11398,896
11399,897
11400,898
11401,899
11402,900
11403,901
11404,902
11405,903
11406,904
11407,905
11408,906
11410,907
11411,908
11412,909
11415,910
11417,911
11418,912
11419,913
11420,914
11421,915
11422,916
11423,917
11424,918
11425,919
11426,920
11427,921
11428,922
11430,923
11431,924
11432,925
11433,926
11435,927
11436,928
11437,929
11438,930
11439,931
11440,932
11441,933
11443,934
11444,935
11447,936
11448,937
11449,938
11450,939
11452,940
11453,941
11454,942
11456,943
11457,944
11458,945
11460,946
11461,947
11462,948
11463,949
11464,950
11465,951
11466,952
11467,953
11468,954
11469,955
11470,956
11473,957
11474,958
11476,959
11477,960
11478,961
11479,962
11480,963
11481,964
11482,965
11483,966
11484,967
11485,968
11486,969
11487,970
11488,971
11489,972
11491,973
11492,974
11494,975
11495,976
11496,977
11497,978
11498,979
11499,980
11500,981
11501,982
11502,983
11503,984
11504,985
11505,986
11506,987
11508,988
11509,989
11510,990
11511,991
11512,992
11513,993
11514,994
11515,995
11516,996
11518,997
11519,998
11520,999
11521,1000
11523,1001
11524,1002
11526,1003
11528,1004
11529,1005
11531,1006
11532,1007
11533,1008
11534,1009
11535,1010
11536,1011
11537,1012
11539,1013
11540,1014
11541,1015
11542,1016
11543,1017
11544,1018
11546,1019
11549,1020
11551,1021
11552,1022
11553,1023
11554,1024
11555,1025
11556,1026
11558,1027
11559,1028
11560,1029
11561,1030
11562,1031
11563,1032
11564,1033
11565,1034
11567,1035
11568,1036
11569,1037
11570,1038
11572,1039
11573,1040
11574,1041
11575,1042
11576,1043
11577,1044
11578,1045
11579,1046
11580,1047
11581,1048
11583,1049
11584,1050
11585,1051
11587,1052
11588,1053
11589,1054
11591,1055
11594,1056
11595,1057
11596,1058
11598,1059
11599,1060
11601,1061
11602,1062
11603,1063
11606,1064
11607,1065
11608,1066
11610,1067
11611,1068
11612,1069
11613,1070
11614,1071
11615,1072
11616,1073
11617,1074
11618,1075
11619,1076
11620,1077
11621,1078
11622,1079
11625,1080
11628,1081
11629,1082
11630,1083
11631,1084
11632,1085
11634,1086
11635,1087
11636,1088
11640,1089
11642,1090
11643,1091
11644,1092
11645,1093
11646,1094
11648,1095
11649,1096
11650,1097
11651,1098
11652,1099
11653,1100
11655,1101
11656,1102
11658,1103
11659,1104
11660,1105
11661,1106
11662,1107
11663,1108
11664,1109
11665,1110
11666,1111
11667,1112
11668,1113
11669,1114
11670,1115
11671,1116
11673,1117
11674,1118
11675,1119
11676,1120
11677,1121
11678,1122
11680,1123
11681,1124
11684,1125
11685,1126
11686,1127
11687,1128
11688,1129
11689,1130
11690,1131
11691,1132
11692,1133
11693,1134
11695,1135
11696,1136
11697,1137
11700,1138
11701,1139
11702,1140
11703,1141
11704,1142
11705,1143
11706,1144
11707,1145
11708,1146
11709,1147
11710,1148
11712,1149
11713,1150
11714,1151
11715,1152
11716,1153
11717,1154
11718,1155
11721,1156
11722,1157
11724,1158
11727,1159
11728,1160
11729,1161
11730,1162
11731,1163
11732,1164
11733,1165
11734,1166
11735,1167
11736,1168
11737,1169
11738,1170
11739,1171
11740,1172
11741,1173
11743,1174
11744,1175
11745,1176
11746,1177
11748,1178
11749,1179
11750,1180
11751,1181
11752,1182
11755,1183
11756,1184
11757,1185
11758,1186
11759,1187
11760,1188
11761,1189
11762,1190
11763,1191
11764,1192
11766,1193
11767,1194
11771,1195
11772,1196
11774,1197
11775,1198
11776,1199
11778,1200
11779,1201
11781,1202
11782,1203
11783,1204
11784,1205
11785,1206
11788,1207
11789,1208
11790,1209
11791,1210
11792,1211
11793,1212
11795,1213
11796,1214
11797,1215
11799,1216
11800,1217
11801,1218
11802,1219
11803,1220
11804,1221
11805,1222
11806,1223
11807,1224
11809,1225
11810,1226
11811,1227
11813,1228
11814,1229
11815,1230
11816,1231
11817,1232
11818,1233
11819,1234
11820,1235
11822,1236
11823,1237
11824,1238
11826,1239
11827,1240
11828,1241
11829,1242
11830,1243
11831,1244
11832,1245
11833,1246
11834,1247
11835,1248
11836,1249
11837,1250
11838,1251
11840,1252
11841,1253
11842,1254
11843,1255
11844,1256
11845,1257
11848,1258
11849,1259
11850,1260
11852,1261
11853,1262
11854,1263
11855,1264
11856,1265
11857,1266
11861,1267
11862,1268
11863,1269
11864,1270
11865,1271
11866,1272
11867,1273
11868,1274
11869,1275
11870,1276
11871,1277
11872,1278
11873,1279
11874,1280
11875,1281
11876,1282
11877,1283
11878,1284
11880,1285
11881,1286
11883,1287
11884,1288
11885,1289
11887,1290
11888,1291
11890,1292
11891,1293
11892,1294
11893,1295
11894,1296
11895,1297
11897,1298
11898,1299
11900,1300
11901,1301
11902,1302
11903,1303
11905,1304
11906,1305
11907,1306
11908,1307
11910,1308
11911,1309
11913,1310
11914,1311
11915,1312
11916,1313
11917,1314
11919,1315
11920,1316
11921,1317
11922,1318
11923,1319
11924,1320
11925,1321
11926,1322
11927,1323
11931,1324
11933,1325
11934,1326
11935,1327
11936,1328
11937,1329
11938,1330
11941,1331
11942,1332
11943,1333
11944,1334
11945,1335
11946,1336
11947,1337
11948,1338
11950,1339
11951,1340
11952,1341
11953,1342
11954,1343
11955,1344
11956,1345
11957,1346
11958,1347
11959,1348
11962,1349
11963,1350
11965,1351
11966,1352
11968,1353
11969,1354
11970,1355
11972,1356
11973,1357
11974,1358
11975,1359
11976,1360
11978,1361
11981,1362
11982,1363
11983,1364
11984,1365
11985,1366
11986,1367
11987,1368
11988,1369
11990,1370
11991,1371
11996,1372
11997,1373
11999,1374
12000,1375
12001,1376
12002,1377
12004,1378
12005,1379
12006,1380
12007,1381
12009,1382
12010,1383
12011,1384
12012,1385
12013,1386
12014,1387
12015,1388
12016,1389
12020,1390
12021,1391
12024,1392
12025,1393
12026,1394
12027,1395
12028,1396
12029,1397
12032,1398
12033,1399
12035,1400
12037,1401
12038,1402
12040,1403
12042,1404
12043,1405
12044,1406
12045,1407
12046,1408
12047,1409
12049,1410
12050,1411
12051,1412
12053,1413
12054,1414
12055,1415
12058,1416
12059,1417
12060,1418
12062,1419
12063,1420
12064,1421
12065,1422
12067,1423
12068,1424
12069,1425
12070,1426
12073,1427
12074,1428
12075,1429
12076,1430
12077,1431
12078,1432
12079,1433
12081,1434
12082,1435
12083,1436
12085,1437
12086,1438
12087,1439
12088,1440
12089,1441
12092,1442
12093,1443
12094,1444
12095,1445
12096,1446
12097,1447
12098,1448
12099,1449
12100,1450
12101,1451
12102,1452
12103,1453
12104,1454
12105,1455
12106,1456
12107,1457
12110,1458
12111,1459
12112,1460
12113,1461
12114,1462
12115,1463
12116,1464
12117,1465
12118,1466
12119,1467
12121,1468
12122,1469
12123,1470
12125,1471
12126,1472
12127,1473
12128,1474
12129,1475
12130,1476
12131,1477
12132,1478
12133,1479
12134,1480
12135,1481
12136,1482
12137,1483
12139,1484
12142,1485
12144,1486
12145,1487
12146,1488
12147,1489
12149,1490
12150,1491
12151,1492
12153,1493
12154,1494
12155,1495
12156,1496
12157,1497
12158,1498
12159,1499
12161,1500
12164,1501
12165,1502
12166,1503
12168,1504
12170,1505
12171,1506
12172,1507
12173,1508
12174,1509
12175,1510
12176,1511
12178,1512
12180,1513
12181,1514
12184,1515
12185,1516
12186,1517
12191,1518
12192,1519
12193,1520
12194,1521
12195,1522
12196,1523
12197,1524
12198,1525
12199,1526
12200,1527
12201,1528
12202,1529
12203,1530
12204,1531
12205,1532
12206,1533
12207,1534
12209,1535
12210,1536
12212,1537
12213,1538
12214,1539
12215,1540
12217,1541
12219,1542
12220,1543
12221,1544
12222,1545
12223,1546
12224,1547
12225,1548
12226,1549
12227,1550
12229,1551
12230,1552
12231,1553
12232,1554
12233,1555
12234,1556
12235,1557
12236,1558
12237,1559
12238,1560
12240,1561
12241,1562
12242,1563
12243,1564
12244,1565
12245,1566
12246,1567
12248,1568
12249,1569
12250,1570
12251,1571
12252,1572
12256,1573
12257,1574
12260,1575
12262,1576
12263,1577
12264,1578
12265,1579
12266,1580
12267,1581
12268,1582
12269,1583
12271,1584
12272,1585
12273,1586
12274,1587
12276,1588
12277,1589
12278,1590
12282,1591
12283,1592
12284,1593
12285,1594
12286,1595
12287,1596
12289,1597
12290,1598
12291,1599
12294,1600
12295,1601
12297,1602
12298,1603
12302,1604
12303,1605
12304,1606
12305,1607
12306,1608
12307,1609
12308,1610
12309,1611
12310,1612
12311,1613
12313,1614
12314,1615
12315,1616
12316,1617
12317,1618
12318,1619
12320,1620
12321,1621
12322,1622
12325,1623
12326,1624
12327,1625
12328,1626
12329,1627
12330,1628
12331,1629
12332,1630
12333,1631
12336,1632
12337,1633
12338,1634
12339,1635
12340,1636
12341,1637
12342,1638
12343,1639
12345,1640
12346,1641
12347,1642
12348,1643
12349,1644
12351,1645
12352,1646
12353,1647
12354,1648
12356,1649
12357,1650
12359,1651
12360,1652
12362,1653
12363,1654
12364,1655
12365,1656
12366,1657
12367,1658
12368,1659
12369,1660
12370,1661
12371,1662
12372,1663
12374,1664
12376,1665
12378,1666
12379,1667
12380,1668
12381,1669
12382,1670
12383,1671
12384,1672
12385,1673
12387,1674
12389,1675
12390,1676
12392,1677
12393,1678
12394,1679
12395,1680
12396,1681
12397,1682
12400,1683
12402,1684
12403,1685
12404,1686
12405,1687
12406,1688
12407,1689
12408,1690
12409,1691
12410,1692
12411,1693
12412,1694
12413,1695
12414,1696
12416,1697
12417,1698
12419,1699
12423,1700
12424,1701
12426,1702
12428,1703
12429,1704
12431,1705
12432,1706
12436,1707
12438,1708
12439,1709
12440,1710
12441,1711
12442,1712
12443,1713
12444,1714
12445,1715
12447,1716
12448,1717
12450,1718
12451,1719
12452,1720
12453,1721
12454,1722
12455,1723
12457,1724
12459,1725
12461,1726
12462,1727
12463,1728
12464,1729
12465,1730
12466,1731
12467,1732
12468,1733
12469,1734
12470,1735
12471,1736
12472,1737
12473,1738
12474,1739
12475,1740
12477,1741
12481,1742
12482,1743
12483,1744
12485,1745
12486,1746
12488,1747
12489,1748
12493,1749
12494,1750
12495,1751
12496,1752
12497,1753
12498,1754
12499,1755
12501,1756
12502,1757
12503,1758
12504,1759
12505,1760
12506,1761
12508,1762
12510,1763
12511,1764
12512,1765
12513,1766
12514,1767
12515,1768
12516,1769
12517,1770
12518,1771
12520,1772
12521,1773
12522,1774
12525,1775
12527,1776
12528,1777
12530,1778
12531,1779
12532,1780
12533,1781
12534,1782
12536,1783
12537,1784
12538,1785
12539,1786
12540,1787
12541,1788
12542,1789
12544,1790
12546,1791
12547,1792
12549,1793
12550,1794
12551,1795
12552,1796
12554,1797
12558,1798
12559,1799
12560,1800
12562,1801
12563,1802
12564,1803
12566,1804
12567,1805
12568,1806
12569,1807
12570,1808
12571,1809
12573,1810
12575,1811
12577,1812
12579,1813
12580,1814
12581,1815
12583,1816
12584,1817
12585,1818
12586,1819
12587,1820
12588,1821
12591,1822
12592,1823
12593,1824
12594,1825
12595,1826
12596,1827
12598,1828
12599,1829
12600,1830
12601,1831
12604,1832
12605,1833
12606,1834
12608,1835
12609,1836
12610,1837
12611,1838
12612,1839
12613,1840
12615,1841
12616,1842
12617,1843
12618,1844
12619,1845
12620,1846
12621,1847
12623,1848
12624,1849
12625,1850
12626,1851
12627,1852
12629,1853
12631,1854
12632,1855
12634,1856
12635,1857
12636,1858
12637,1859
12638,1860
12639,1861
12640,1862
12641,1863
12643,1864
12644,1865
12645,1866
12646,1867
12647,1868
12648,1869
12649,1870
12650,1871
12651,1872
12652,1873
12653,1874
12654,1875
12655,1876
12656,1877
12657,1878
12658,1879
12659,1880
12660,1881
12661,1882
12662,1883
12663,1884
12664,1885
12667,1886
12668,1887
12669,1888
12670,1889
12671,1890
12673,1891
12674,1892
12675,1893
12681,1894
12682,1895
12684,1896
12685,1897
12686,1898
12687,1899
12688,1900
12689,1901
12691,1902
12692,1903
12693,1904
12694,1905
12695,1906
12696,1907
12698,1908
12699,1909
12700,1910
12702,1911
12707,1912
12709,1913
12710,1914
12711,1915
12713,1916
12714,1917
12716,1918
12717,1919
12718,1920
12719,1921
12721,1922
12722,1923
12724,1924
12725,1925
12727,1926
12728,1927
12729,1928
12730,1929
12731,1930
12732,1931
12733,1932
12734,1933
12735,1934
12736,1935
12737,1936
12739,1937
12740,1938
12741,1939
12742,1940
12745,1941
12746,1942
12747,1943
12750,1944
12751,1945
12752,1946
12754,1947
12755,1948
12758,1949
12759,1950
12760,1951
12761,1952
12765,1953
12766,1954
12768,1955
12769,1956
12770,1957
12772,1958
12773,1959
12774,1960
12775,1961
12776,1962
12777,1963
12779,1964
12780,1965
12781,1966
12782,1967
12784,1968
12785,1969
12786,1970
12788,1971
12790,1972
12791,1973
12792,1974
12793,1975
12794,1976
12795,1977
12796,1978
12797,1979
12798,1980
12801,1981
12802,1982
12804,1983
12805,1984
12806,1985
12807,1986
12808,1987
12810,1988
12812,1989
12814,1990
12815,1991
12816,1992
12817,1993
12819,1994
12820,1995
12823,1996
12824,1997
12826,1998
12828,1999
12829,2000
12830,2001
12831,2002
12833,2003
12834,2004
12835,2005
12837,2006
12838,2007
12839,2008
12840,2009
12843,2010
12844,2011
12846,2012
12847,2013
12848,2014
12849,2015
12850,2016
12851,2017
12853,2018
12854,2019
12856,2020
12857,2021
12858,2022
12859,2023
12860,2024
12861,2025
12862,2026
12863,2027
12864,2028
12865,2029
12866,2030
12868,2031
12869,2032
12870,2033
12871,2034
12872,2035
12873,2036
12874,2037
12875,2038
12877,2039
12878,2040
12879,2041
12880,2042
12881,2043
12883,2044
12884,2045
12887,2046
12891,2047
12893,2048
12897,2049
12898,2050
12899,2051
12900,2052
12901,2053
12903,2054
12905,2055
12907,2056
12908,2057
12909,2058
12910,2059
12911,2060
12912,2061
12913,2062
12914,2063
12915,2064
12916,2065
12917,2066
12919,2067
12920,2068
12921,2069
12923,2070
12924,2071
12925,2072
12926,2073
12927,2074
12928,2075
12929,2076
12930,2077
12931,2078
12932,2079
12933,2080
12935,2081
12936,2082
12937,2083
12938,2084
12939,2085
12940,2086
12942,2087
12943,2088
12944,2089
12945,2090
12946,2091
12947,2092
12948,2093
12949,2094
12950,2095
12951,2096
12953,2097
12954,2098
12956,2099
12957,2100
12958,2101
12959,2102
12960,2103
12961,2104
12962,2105
12963,2106
12965,2107
12966,2108
12967,2109
12968,2110
12969,2111
12971,2112
12972,2113
12973,2114
12974,2115
12976,2116
12977,2117
12982,2118
12983,2119
12984,2120
12987,2121
12988,2122
12989,2123
12990,2124
12992,2125
12994,2126
12996,2127
12998,2128
12999,2129
13000,2130
13002,2131
13003,2132
13004,2133
13005,2134
13006,2135
13010,2136
13013,2137
13015,2138
13016,2139
13017,2140
13018,2141
13021,2142
13023,2143
13024,2144
13025,2145
13028,2146
13029,2147
13030,2148
13032,2149
13033,2150
13035,2151
13036,2152
13037,2153
13038,2154
13040,2155
13041,2156
13043,2157
13044,2158
13045,2159
13046,2160
13047,2161
13048,2162
13049,2163
13050,2164
13052,2165
13053,2166
13055,2167
13057,2168
13064,2169
13065,2170
13066,2171
13068,2172
13070,2173
13072,2174
13073,2175
13074,2176
13076,2177
13077,2178
13080,2179
13081,2180
13082,2181
13083,2182
13087,2183
13088,2184
13089,2185
13090,2186
13092,2187
13093,2188
13094,2189
13096,2190
13097,2191
13099,2192
13100,2193
13101,2194
13102,2195
13103,2196
13104,2197
13105,2198
13106,2199
13107,2200
13108,2201
13109,2202
13110,2203
13111,2204
13112,2205
13114,2206
13116,2207
13117,2208
13118,2209
13119,2210
13120,2211
13121,2212
13122,2213
13123,2214
13124,2215
13126,2216
13127,2217
13128,2218
13129,2219
13131,2220
13132,2221
13133,2222
13134,2223
13136,2224
13138,2225
13139,2226
13140,2227
13142,2228
13144,2229
13145,2230
13146,2231
13147,2232
13148,2233
13149,2234
13151,2235
13152,2236
13154,2237
13156,2238
13157,2239
13158,2240
13159,2241
13160,2242
13161,2243
13162,2244
13163,2245
13165,2246
13168,2247
13170,2248
13171,2249
13174,2250
13176,2251
13177,2252
13178,2253
13179,2254
13180,2255
13181,2256
13183,2257
13184,2258
13186,2259
13187,2260
13188,2261
13189,2262
13190,2263
13192,2264
13193,2265
13195,2266
13197,2267
13198,2268
13200,2269
13202,2270
13203,2271
13204,2272
13205,2273
13206,2274
13207,2275
13209,2276
13210,2277
13211,2278
13212,2279
13213,2280
13214,2281
13215,2282
13216,2283
13217,2284
13218,2285
13220,2286
13222,2287
13223,2288
13224,2289
13225,2290
13227,2291
13228,2292
13229,2293
13230,2294
13231,2295
13233,2296
13234,2297
13236,2298
13237,2299
13238,2300
13239,2301
13240,2302
13241,2303
13243,2304
13245,2305
13246,2306
13247,2307
13248,2308
13250,2309
13251,2310
13254,2311
13255,2312
13257,2313
13260,2314
13262,2315
13265,2316
13268,2317
13270,2318
13271,2319
13273,2320
13274,2321
13275,2322
13276,2323
13277,2324
13279,2325
13281,2326
13282,2327
13283,2328
13284,2329
13285,2330
13287,2331
13290,2332
13291,2333
13292,2334
13293,2335
13294,2336
13295,2337
13296,2338
13297,2339
13298,2340
13299,2341
13301,2342
13302,2343
13303,2344
13304,2345
13305,2346
13306,2347
13307,2348
13309,2349
13310,2350
13311,2351
13312,2352
13314,2353
13315,2354
13317,2355
13318,2356
13319,2357
13320,2358
13324,2359
13325,2360
13326,2361
13328,2362
13330,2363
13331,2364
13332,2365
13334,2366
13335,2367
13336,2368
13337,2369
13338,2370
13339,2371
13340,2372
13341,2373
13342,2374
13346,2375
13347,2376
13348,2377
13349,2378
13352,2379
13353,2380
13354,2381
13355,2382
13357,2383
13358,2384
13359,2385
13360,2386
13361,2387
13363,2388
13365,2389
13366,2390
13367,2391
13368,2392
13369,2393
13370,2394
13371,2395
13373,2396
13375,2397
13376,2398
13377,2399
13379,2400
13380,2401
13381,2402
13382,2403
13383,2404
13384,2405
13385,2406
13387,2407
13388,2408
13389,2409
13390,2410
13391,2411
13394,2412
13395,2413
13397,2414
13399,2415
13400,2416
13402,2417
13408,2418
13412,2419
13413,2420
13416,2421
13417,2422
13418,2423
13422,2424
13423,2425
13425,2426
13426,2427
13427,2428
13428,2429
13429,2430
13430,2431
13431,2432
13432,2433
13433,2434
13434,2435
13435,2436
13436,2437
13437,2438
13439,2439
13440,2440
13442,2441
13444,2442
13445,2443
13447,2444
13448,2445
13449,2446
13450,2447
13451,2448
13452,2449
13456,2450
13457,2451
13458,2452
13459,2453
13461,2454
13462,2455
13463,2456
13464,2457
13468,2458
13470,2459
13471,2460
13472,2461
13473,2462
13474,2463
13477,2464
13478,2465
13479,2466
13480,2467
13481,2468
13483,2469
13484,2470
13485,2471
13488,2472
13489,2473
13491,2474
13493,2475
13495,2476
13496,2477
13497,2478
13500,2479
13501,2480
13502,2481
13504,2482
13505,2483
13506,2484
13507,2485
13508,2486
13509,2487
13510,2488
13511,2489
13514,2490
13515,2491
13516,2492
13517,2493
13518,2494
13519,2495
13520,2496
13521,2497
13522,2498
13523,2499
13524,2500
13525,2501
13529,2502
13530,2503
13531,2504
13532,2505
13533,2506
13534,2507
13536,2508
13537,2509
13538,2510
13539,2511
13540,2512
13542,2513
13544,2514
13545,2515
13547,2516
13548,2517
13549,2518
13551,2519
13552,2520
13554,2521
13555,2522
13556,2523
13557,2524
13559,2525
13560,2526
13561,2527
13562,2528
13563,2529
13564,2530
13565,2531
13566,2532
13567,2533
13569,2534
13570,2535
13571,2536
13574,2537
13575,2538
13576,2539
13577,2540
13578,2541
13579,2542
13580,2543
13582,2544
13583,2545
13586,2546
13587,2547
13588,2548
13589,2549
13590,2550
13591,2551
13593,2552
13594,2553
13597,2554
13599,2555
13600,2556
13601,2557
13602,2558
13605,2559
13608,2560
13610,2561
13611,2562
13612,2563
13613,2564
13614,2565
13615,2566
13616,2567
13617,2568
13618,2569
13619,2570
13620,2571
13621,2572
13622,2573
13623,2574
13624,2575
13625,2576
13626,2577
13628,2578
13629,2579
13631,2580
13633,2581
13634,2582
13635,2583
13637,2584
13639,2585
13641,2586
13643,2587
13644,2588
13645,2589
13646,2590
13647,2591
13648,2592
13649,2593
13650,2594
13651,2595
13652,2596
13653,2597
13654,2598
13655,2599
13656,2600
13658,2601
13659,2602
13660,2603
13662,2604
13663,2605
13664,2606
13665,2607
13666,2608
13667,2609
13669,2610
13671,2611
13673,2612
13675,2613
13676,2614
13678,2615
13679,2616
13682,2617
13683,2618
13684,2619
13685,2620
13686,2621
13687,2622
13690,2623
13692,2624
13694,2625
13695,2626
13696,2627
13700,2628
13701,2629
13703,2630
13704,2631
13705,2632
13706,2633
13710,2634
13711,2635
13712,2636
13713,2637
13714,2638
13715,2639
13716,2640
13720,2641
13721,2642
13723,2643
13724,2644
13725,2645
13727,2646
13728,2647
13729,2648
13730,2649
13731,2650
13732,2651
13733,2652
13734,2653
13735,2654
13737,2655
13740,2656
13741,2657
13743,2658
13745,2659
13746,2660
13747,2661
13752,2662
13753,2663
13754,2664
13756,2665
13758,2666
13759,2667
13760,2668
13761,2669
13762,2670
13763,2671
13764,2672
13765,2673
13766,2674
13769,2675
13771,2676
13772,2677
13775,2678
13776,2679
13778,2680
13780,2681
13783,2682
13784,2683
13786,2684
13787,2685
13788,2686
13789,2687
13790,2688
13791,2689
13792,2690
13793,2691
13794,2692
13795,2693
13798,2694
13799,2695
13800,2696
13801,2697
13803,2698
13805,2699
13806,2700
13808,2701
13809,2702
13811,2703
13812,2704
13813,2705
13814,2706
13816,2707
13818,2708
13819,2709
13820,2710
13821,2711
13822,2712
13824,2713
13825,2714
13827,2715
13831,2716
13832,2717
13834,2718
13835,2719
13836,2720
13838,2721
13839,2722
13842,2723
13844,2724
13846,2725
13847,2726
13848,2727
13849,2728
13850,2729
13851,2730
13852,2731
13853,2732
13854,2733
13855,2734
13856,2735
13857,2736
13859,2737
13860,2738
13861,2739
13864,2740
13865,2741
13866,2742
13867,2743
13870,2744
13871,2745
13872,2746
13873,2747
13876,2748
13877,2749
13878,2750
13879,2751
13881,2752
13884,2753
13888,2754
13889,2755
13890,2756
13891,2757
13893,2758
13895,2759
13897,2760
13899,2761
13900,2762
13901,2763
13902,2764
13904,2765
13905,2766
13908,2767
13910,2768
13911,2769
13912,2770
13913,2771
13914,2772
13915,2773
13916,2774
13917,2775
13918,2776
13919,2777
13920,2778
13921,2779
13922,2780
13923,2781
13924,2782
13926,2783
13927,2784
13928,2785
13929,2786
13930,2787
13931,2788
13932,2789
13933,2790
13939,2791
13940,2792
13941,2793
13942,2794
13945,2795
13947,2796
13948,2797
13949,2798
13950,2799
13951,2800
13955,2801
13958,2802
13959,2803
13960,2804
13961,2805
13964,2806
13965,2807
13967,2808
13969,2809
13970,2810
13971,2811
13973,2812
13974,2813
13975,2814
13977,2815
13978,2816
13979,2817
13980,2818
13981,2819
13982,2820
13983,2821
13984,2822
13987,2823
13988,2824
13990,2825
13992,2826
13993,2827
13994,2828
14001,2829
14003,2830
14005,2831
14007,2832
14008,2833
14010,2834
14011,2835
14012,2836
14014,2837
14015,2838
14016,2839
14018,2840
14019,2841
14021,2842
14024,2843
14025,2844
14026,2845
14028,2846
14029,2847
14031,2848
14032,2849
14033,2850
14034,2851
14035,2852
14039,2853
14041,2854
14043,2855
14046,2856
14047,2857
14049,2858
14051,2859
14052,2860
14053,2861
14054,2862
14055,2863
14056,2864
14057,2865
14062,2866
14063,2867
14064,2868
14065,2869
14066,2870
14067,2871
14068,2872
14069,2873
14070,2874
14074,2875
14075,2876
14076,2877
14077,2878
14078,2879
14079,2880
14080,2881
14081,2882
14083,2883
14084,2884
14086,2885
14087,2886
14088,2887
14089,2888
14090,2889
14091,2890
14092,2891
14093,2892
14094,2893
14095,2894
14096,2895
14098,2896
14099,2897
14100,2898
14101,2899
14102,2900
14103,2901
14105,2902
14106,2903
14107,2904
14108,2905
14110,2906
14111,2907
14112,2908
14115,2909
14116,2910
14117,2911
14118,2912
14119,2913
14121,2914
14124,2915
14125,2916
14126,2917
14127,2918
14128,2919
14129,2920
14130,2921
14132,2922
14135,2923
14136,2924
14137,2925
14138,2926
14139,2927
14140,2928
14141,2929
14142,2930
14143,2931
14144,2932
14145,2933
14146,2934
14147,2935
14151,2936
14153,2937
14154,2938
14155,2939
14156,2940
14158,2941
14160,2942
14162,2943
14163,2944
14168,2945
14170,2946
14171,2947
14172,2948
14173,2949
14174,2950
14178,2951
14179,2952
14180,2953
14181,2954
14183,2955
14184,2956
14185,2957
14186,2958
14187,2959
14188,2960
14189,2961
14190,2962
14191,2963
14194,2964
14195,2965
14196,2966
14197,2967
14199,2968
14200,2969
14201,2970
14202,2971
14203,2972
14204,2973
14205,2974
14207,2975
14209,2976
14212,2977
14216,2978
14218,2979
14220,2980
14224,2981
14227,2982
14229,2983
14230,2984
14231,2985
14234,2986
14235,2987
14236,2988
14240,2989
14242,2990
14243,2991
14244,2992
14246,2993
14247,2994
14248,2995
14249,2996
14250,2997
14251,2998
14253,2999
14256,3000
14257,3001
14259,3002
14260,3003
14261,3004
14263,3005
14264,3006
14266,3007
14267,3008
14269,3009
14270,3010
14276,3011
14277,3012
14279,3013
14281,3014
14283,3015
14284,3016
14287,3017
14289,3018
14291,3019
14293,3020
14294,3021
14295,3022
14296,3023
14298,3024
14299,3025
14300,3026
14304,3027
14306,3028
14307,3029
14308,3030
14311,3031
14315,3032
14316,3033
14317,3034
14318,3035
14319,3036
14321,3037
14322,3038
14323,3039
14324,3040
14328,3041
14329,3042
14331,3043
14332,3044
14333,3045
14335,3046
14336,3047
14338,3048
14339,3049
14340,3050
14342,3051
14344,3052
14345,3053
14346,3054
14348,3055
14350,3056
14351,3057
14352,3058
14353,3059
14354,3060
14355,3061
14356,3062
14359,3063
14361,3064
14362,3065
14363,3066
14364,3067
14365,3068
14366,3069
14368,3070
14370,3071
14371,3072
14374,3073
14375,3074
14376,3075
14380,3076
14382,3077
14383,3078
14384,3079
14385,3080
14386,3081
14388,3082
14389,3083
14391,3084
14392,3085
14393,3086
14395,3087
14396,3088
14400,3089
14401,3090
14402,3091
14403,3092
14404,3093
14406,3094
14408,3095
14410,3096
14412,3097
14413,3098
14414,3099
14415,3100
14416,3101
14417,3102
14420,3103
14421,3104
14422,3105
14425,3106
14426,3107
14427,3108
14429,3109
14430,3110
14431,3111
14434,3112
14435,3113
14436,3114
14437,3115
14438,3116
14440,3117
14441,3118
14442,3119
14443,3120
14444,3121
14445,3122
14447,3123
14451,3124
14453,3125
14454,3126
14455,3127
14460,3128
14461,3129
14462,3130
14463,3131
14464,3132
14465,3133
14466,3134
14467,3135
14469,3136
14470,3137
14471,3138
14472,3139
14473,3140
14474,3141
14476,3142
14477,3143
14479,3144
14480,3145
14483,3146
14487,3147
14488,3148
14491,3149
14492,3150
14493,3151
14494,3152
14495,3153
14496,3154
14499,3155
14500,3156
14501,3157
14502,3158
14504,3159
14505,3160
14506,3161
14508,3162
14511,3163
14513,3164
14514,3165
14515,3166
14516,3167
14517,3168
14518,3169
14519,3170
14522,3171
14523,3172
14526,3173
14527,3174
14528,3175
14530,3176
14531,3177
14533,3178
14538,3179
14539,3180
14540,3181
14542,3182
14544,3183
14545,3184
14547,3185
14548,3186
14550,3187
14551,3188
14552,3189
14553,3190
14554,3191
14560,3192
14561,3193
14562,3194
14563,3195
14566,3196
14567,3197
14568,3198
14569,3199
14571,3200
14572,3201
14573,3202
14574,3203
14576,3204
14577,3205
14578,3206
14579,3207
14580,3208
14583,3209
14584,3210
14587,3211
14588,3212
14591,3213
14592,3214
14593,3215
14594,3216
14596,3217
14598,3218
14601,3219
14604,3220
14607,3221
14608,3222
14609,3223
14610,3224
14612,3225
14613,3226
14614,3227
14615,3228
14617,3229
14618,3230
14621,3231
14622,3232
14623,3233
14624,3234
14626,3235
14627,3236
14628,3237
14630,3238
14636,3239
14637,3240
14638,3241
14639,3242
14642,3243
14644,3244
14645,3245
14646,3246
14647,3247
14649,3248
14651,3249
14652,3250
14655,3251
14659,3252
14660,3253
14661,3254
14663,3255
14667,3256
14668,3257
14670,3258
14671,3259
14672,3260
14677,3261
14678,3262
14679,3263
14680,3264
14683,3265
14685,3266
14689,3267
14695,3268
14696,3269
14697,3270
14698,3271
14699,3272
14700,3273
14701,3274
14702,3275
14703,3276
14705,3277
14709,3278
14712,3279
14714,3280
14720,3281
14721,3282
14722,3283
14725,3284
14726,3285
14727,3286
14728,3287
14729,3288
14731,3289
14732,3290
14734,3291
14735,3292
14738,3293
14740,3294
14742,3295
14748,3296
14749,3297
14752,3298
14754,3299
14755,3300
14757,3301
14759,3302
14760,3303
14762,3304
14763,3305
14765,3306
14766,3307
14769,3308
14772,3309
14773,3310
14774,3311
14776,3312
14777,3313
14778,3314
14780,3315
14782,3316
14784,3317
14785,3318
14787,3319
14789,3320
14790,3321
14791,3322
14792,3323
14793,3324
14794,3325
14795,3326
14798,3327
14800,3328
14801,3329
14803,3330
14805,3331
14806,3332
14807,3333
14809,3334
14810,3335
14812,3336
14813,3337
14814,3338
14815,3339
14820,3340
14821,3341
14822,3342
14823,3343
14829,3344
14830,3345
14831,3346
14833,3347
14834,3348
14837,3349
14838,3350
14842,3351
14848,3352
14851,3353
14855,3354
14857,3355
14858,3356
14862,3357
14863,3358
14864,3359
14865,3360
14866,3361
14868,3362
14870,3363
14871,3364
14872,3365
14873,3366
14874,3367
14875,3368
14876,3369
14877,3370
14878,3371
14879,3372
14880,3373
14881,3374
14883,3375
14887,3376
14888,3377
14889,3378
14890,3379
14892,3380
14894,3381
14896,3382
14898,3383
14899,3384
14901,3385
14905,3386
14906,3387
14909,3388
14910,3389
14914,3390
14916,3391
14917,3392
14919,3393
14921,3394
14922,3395
14923,3396
14924,3397
14925,3398
14926,3399
14927,3400
14930,3401
14931,3402
14932,3403
14933,3404
14938,3405
14940,3406
14941,3407
14942,3408
14944,3409
14949,3410
14952,3411
14955,3412
14956,3413
14957,3414
14959,3415
14961,3416
14962,3417
14963,3418
14964,3419
14966,3420
14969,3421
14970,3422
14971,3423
14972,3424
14973,3425
14974,3426
14978,3427
14979,3428
14984,3429
14985,3430
14988,3431
14990,3432
14991,3433
14992,3434
14993,3435
14994,3436
14995,3437
14996,3438
14998,3439
15002,3440
15003,3441
15004,3442
15007,3443
15008,3444
15009,3445
15010,3446
15011,3447
15012,3448
15013,3449
15014,3450
15015,3451
15017,3452
15019,3453
15020,3454
15021,3455
15022,3456
15024,3457
15025,3458
15027,3459
15028,3460
15032,3461
15033,3462
15034,3463
15035,3464
15039,3465
15040,3466
15043,3467
15044,3468
15045,3469
15050,3470
15051,3471
15053,3472
15054,3473
15057,3474
15058,3475
15059,3476
15061,3477
15062,3478
15063,3479
15068,3480
15069,3481
15072,3482
15073,3483
15075,3484
15076,3485
15078,3486
15084,3487
15086,3488
15088,3489
15090,3490
15091,3491
15092,3492
15094,3493
15095,3494
15097,3495
15101,3496
15102,3497
15103,3498
15106,3499
15109,3500
15110,3501
15112,3502
15116,3503
15117,3504
15118,3505
15120,3506
15121,3507
15127,3508
15128,3509
15129,3510
15131,3511
15132,3512
15133,3513
15135,3514
15136,3515
15139,3516
15140,3517
15141,3518
15142,3519
15143,3520
15145,3521
15146,3522
15147,3523
15148,3524
15149,3525
15153,3526
15155,3527
15156,3528
15157,3529
15158,3530
15160,3531
15165,3532
15167,3533
15168,3534
15169,3535
15171,3536
15172,3537
15173,3538
15174,3539
15175,3540
15176,3541
15181,3542
15185,3543
15189,3544
15192,3545
15193,3546
15194,3547
15195,3548
15196,3549
15197,3550
15199,3551
15200,3552
15202,3553
15203,3554
15204,3555
15205,3556
15207,3557
15209,3558
15211,3559
15214,3560
15215,3561
15218,3562
15219,3563
15221,3564
15223,3565
15224,3566
15225,3567
15226,3568
15227,3569
15228,3570
15229,3571
15230,3572
15231,3573
15232,3574
15233,3575
15235,3576
15236,3577
15237,3578
15238,3579
15239,3580
15241,3581
15242,3582
15243,3583
15244,3584
15245,3585
15246,3586
15247,3587
15250,3588
15251,3589
15252,3590
15254,3591
15257,3592
15258,3593
15259,3594
15260,3595
15261,3596
15262,3597
15264,3598
15265,3599
15266,3600
15267,3601
15268,3602
15269,3603
15271,3604
15272,3605
15274,3606
15275,3607
15276,3608
15278,3609
15280,3610
15281,3611
15282,3612
15284,3613
15285,3614
15286,3615
15291,3616
15293,3617
15294,3618
15295,3619
15296,3620
15297,3621
15299,3622
15301,3623
15302,3624
15304,3625
15306,3626
15308,3627
15309,3628
15311,3629
15313,3630
15314,3631
15315,3632
15316,3633
15317,3634
15321,3635
15322,3636
15325,3637
15328,3638
15329,3639
15331,3640
15332,3641
15333,3642
15334,3643
15339,3644
15340,3645
15341,3646
15342,3647
15343,3648
15344,3649
15346,3650
15347,3651
15349,3652
15350,3653
15351,3654
15352,3655
15353,3656
15355,3657
15358,3658
15360,3659
15361,3660
15363,3661
15364,3662
15367,3663
15370,3664
15371,3665
15372,3666
15374,3667
15375,3668
15377,3669
15378,3670
15379,3671
15381,3672
15383,3673
15389,3674
15393,3675
15395,3676
15396,3677
15397,3678
15398,3679
15400,3680
15401,3681
15404,3682
15405,3683
15407,3684
15408,3685
15409,3686
15411,3687
15412,3688
15413,3689
15414,3690
15415,3691
15416,3692
15418,3693
15422,3694
15425,3695
15427,3696
15428,3697
15429,3698
15433,3699
15434,3700
15435,3701
15436,3702
15439,3703
15440,3704
15441,3705
15442,3706
15443,3707
15444,3708
15446,3709
15447,3710
15448,3711
15450,3712
15451,3713
15452,3714
15453,3715
15454,3716
15455,3717
15456,3718
15458,3719
15459,3720
15460,3721
15462,3722
15465,3723
15469,3724
15470,3725
15472,3726
15476,3727
15477,3728
15478,3729
15479,3730
15481,3731
15482,3732
15483,3733
15485,3734
15487,3735
15488,3736
15491,3737
15492,3738
15495,3739
15496,3740
15497,3741
15498,3742
15500,3743
15503,3744
15505,3745
15507,3746
15508,3747
15509,3748
15511,3749
15512,3750
15513,3751
15515,3752
15517,3753
15519,3754
15520,3755
15521,3756
15522,3757
15523,3758
15524,3759
15525,3760
15526,3761
15527,3762
15529,3763
15530,3764
15531,3765
15532,3766
15534,3767
15536,3768
15539,3769
15540,3770
15542,3771
15544,3772
15545,3773
15546,3774
15549,3775
15552,3776
15554,3777
15558,3778
15561,3779
15562,3780
15563,3781
15565,3782
15566,3783
15567,3784
15568,3785
15574,3786
15576,3787
15578,3788
15579,3789
15581,3790
15584,3791
15585,3792
15586,3793
15588,3794
15595,3795
15596,3796
15597,3797
15599,3798
15601,3799
15603,3800
15604,3801
15605,3802
15606,3803
15607,3804
15608,3805
15609,3806
15614,3807
15617,3808
15618,3809
15620,3810
15621,3811
15622,3812
15623,3813
15626,3814
15627,3815
15630,3816
15631,3817
15632,3818
15633,3819
15634,3820
15635,3821
15636,3822
15637,3823
15638,3824
15639,3825
15640,3826
15641,3827
15645,3828
15647,3829
15653,3830
15655,3831
15657,3832
15659,3833
15661,3834
15662,3835
15663,3836
15667,3837
15671,3838
15674,3839
15675,3840
15676,3841
15677,3842
15678,3843
15681,3844
15682,3845
15683,3846
15684,3847
15685,3848
15686,3849
15690,3850
15693,3851
15695,3852
15698,3853
15699,3854
15700,3855
15701,3856
15702,3857
15703,3858
15704,3859
15706,3860
15708,3861
15710,3862
15711,3863
15713,3864
15714,3865
15716,3866
15718,3867
15719,3868
15720,3869
15721,3870
15722,3871
15723,3872
15725,3873
15727,3874
15728,3875
15729,3876
15730,3877
15732,3878
15737,3879
15738,3880
15741,3881
15742,3882
15743,3883
15744,3884
15745,3885
15746,3886
15747,3887
15748,3888
15752,3889
15753,3890
15754,3891
15755,3892
15756,3893
15757,3894
15760,3895
15762,3896
15765,3897
15772,3898
15773,3899
15774,3900
15775,3901
15776,3902
15777,3903
15783,3904
15784,3905
15785,3906
15786,3907
15788,3908
15789,3909
15794,3910
15795,3911
15798,3912
15799,3913
15801,3914
15803,3915
15806,3916
15808,3917
15809,3918
15811,3919
15812,3920
15813,3921
15814,3922
15816,3923
15819,3924
15820,3925
15821,3926
15822,3927
15823,3928
15824,3929
15825,3930
15827,3931
15828,3932
15830,3933
15831,3934
15832,3935
15833,3936
15834,3937
15835,3938
15837,3939
15840,3940
15841,3941
15843,3942
15844,3943
15845,3944
15847,3945
15849,3946
15850,3947
15851,3948
15852,3949
15853,3950
15861,3951
15863,3952
15865,3953
15866,3954
15867,3955
15868,3956
15869,3957
15871,3958
15872,3959
15874,3960
15876,3961
15879,3962
15881,3963
15882,3964
15884,3965
15885,3966
15886,3967
15887,3968
15889,3969
15894,3970
15896,3971
15897,3972
15898,3973
15899,3974
15901,3975
15906,3976
15907,3977
15910,3978
15911,3979
15912,3980
15913,3981
15914,3982
15917,3983
15918,3984
15919,3985
15921,3986
15923,3987
15926,3988
15927,3989
15928,3990
15931,3991
15932,3992
15933,3993
15934,3994
15935,3995
15938,3996
15939,3997
15940,3998
15941,3999
15942,4000
15944,4001
15945,4002
15953,4003
15954,4004
15955,4005
15956,4006
15959,4007
15961,4008
15962,4009
15963,4010
15964,4011
15967,4012
15970,4013
15971,4014
15974,4015
15977,4016
15978,4017
15979,4018
15980,4019
15981,4020
15982,4021
15984,4022
15986,4023
15987,4024
15988,4025
15989,4026
15992,4027
15994,4028
15997,4029
15998,4030
15999,4031
16003,4032
16007,4033
16008,4034
16010,4035
16012,4036
16013,4037
16014,4038
16015,4039
16017,4040
16021,4041
16022,4042
16024,4043
16025,4044
16026,4045
16027,4046
16028,4047
16029,4048
16033,4049
16034,4050
16035,4051
16037,4052
16039,4053
16040,4054
16041,4055
16042,4056
16043,4057
16044,4058
16047,4059
16051,4060
16052,4061
16055,4062
16056,4063
16057,4064
16059,4065
16061,4066
16062,4067
16065,4068
16067,4069
16069,4070
16070,4071
16072,4072
16074,4073
16077,4074
16081,4075
16085,4076
16087,4077
16089,4078
16091,4079
16092,4080
16094,4081
16096,4082
16099,4083
16100,4084
16101,4085
16102,4086
16103,4087
16105,4088
16107,4089
16108,4090
16111,4091
16112,4092
16113,4093
16114,4094
16115,4095
16120,4096
16121,4097
16123,4098
16124,4099
16126,4100
16127,4101
16128,4102
16132,4103
16135,4104
16136,4105
16137,4106
16138,4107
16139,4108
16140,4109
16143,4110
16144,4111
16145,4112
16146,4113
16147,4114
16148,4115
16149,4116
16151,4117
16154,4118
16156,4119
16157,4120
16161,4121
16162,4122
16165,4123
16166,4124
16167,4125
16169,4126
16170,4127
16173,4128
16175,4129
16176,4130
16177,4131
16179,4132
16181,4133
16182,4134
16183,4135
16184,4136
16185,4137
16191,4138
16192,4139
16194,4140
16195,4141
16196,4142
16199,4143
16201,4144
16203,4145
16205,4146
16206,4147
16207,4148
16209,4149
16212,4150
16214,4151
16215,4152
16216,4153
16217,4154
16218,4155
16221,4156
16222,4157
16223,4158
16227,4159
16228,4160
16231,4161
16232,4162
16237,4163
16240,4164
16241,4165
16243,4166
16244,4167
16245,4168
16246,4169
16247,4170
16248,4171
16249,4172
16250,4173
16258,4174
16261,4175
16263,4176
16265,4177
16269,4178
16273,4179
16274,4180
16276,4181
16277,4182
16278,4183
16280,4184
16281,4185
16282,4186
16283,4187
16287,4188
16288,4189
16290,4190
16293,4191
16294,4192
16295,4193
16298,4194
16299,4195
16300,4196
16305,4197
16310,4198
16311,4199
16314,4200
16315,4201
16316,4202
16317,4203
16322,4204
16323,4205
16324,4206
16329,4207
16331,4208
16332,4209
16333,4210
16335,4211
16337,4212
16338,4213
16341,4214
16342,4215
16349,4216
16355,4217
16356,4218
16358,4219
16361,4220
16363,4221
16364,4222
16368,4223
16369,4224
16370,4225
16372,4226
16374,4227
16376,4228
16377,4229
16378,4230
16379,4231
16380,4232
16381,4233
16382,4234
16383,4235
16384,4236
16385,4237
16386,4238
16387,4239
16388,4240
16389,4241
16393,4242
16394,4243
16397,4244
16398,4245
16401,4246
16404,4247
16406,4248
16407,4249
16409,4250
16413,4251
16414,4252
16415,4253
16416,4254
16421,4255
16422,4256
16424,4257
16426,4258
16427,4259
16428,4260
16430,4261
16431,4262
16432,4263
16433,4264
16434,4265
16435,4266
16436,4267
16437,4268
16438,4269
16440,4270
16443,4271
16445,4272
16446,4273
16447,4274
16449,4275
16450,4276
16453,4277
16455,4278
16456,4279
16457,4280
16458,4281
16459,4282
16462,4283
16463,4284
16464,4285
16466,4286
16467,4287
16469,4288
16470,4289
16471,4290
16472,4291
16473,4292
16474,4293
16476,4294
16477,4295
16478,4296
16479,4297
16481,4298
16483,4299
16484,4300
16486,4301
16487,4302
16489,4303
16490,4304
16494,4305
16498,4306
16499,4307
16500,4308
16501,4309
16502,4310
16503,4311
16507,4312
16508,4313
16509,4314
16510,4315
16511,4316
16513,4317
16514,4318
16517,4319
16519,4320
16521,4321
16522,4322
16524,4323
16526,4324
16529,4325
16532,4326
16533,4327
16534,4328
16540,4329
16541,4330
16543,4331
16549,4332
16550,4333
16551,4334
16552,4335
16553,4336
16555,4337
16556,4338
16557,4339
16559,4340
16560,4341
16561,4342
16562,4343
16563,4344
16564,4345
16567,4346
16568,4347
16570,4348
16571,4349
16572,4350
16573,4351
16576,4352
16577,4353
16578,4354
16579,4355
16580,4356
16582,4357
16583,4358
16584,4359
16586,4360
16587,4361
16589,4362
16590,4363
16591,4364
16594,4365
16595,4366
16596,4367
16597,4368
16598,4369
16601,4370
16602,4371
16610,4372
16613,4373
16614,4374
16616,4375
16617,4376
16619,4377
16620,4378
16621,4379
16623,4380
16626,4381
16627,4382
16628,4383
16630,4384
16633,4385
16635,4386
16636,4387
16637,4388
16638,4389
16639,4390
16641,4391
16643,4392
16644,4393
16645,4394
16647,4395
16648,4396
16649,4397
16650,4398
16651,4399
16656,4400
16660,4401
16663,4402
16670,4403
16672,4404
16673,4405
16675,4406
16678,4407
16679,4408
16680,4409
16681,4410
16682,4411
16683,4412
16685,4413
16686,4414
16687,4415
16688,4416
16691,4417
16696,4418
16697,4419
16698,4420
16699,4421
16700,4422
16703,4423
16704,4424
16705,4425
16706,4426
16707,4427
16708,4428
16709,4429
16710,4430
16711,4431
16712,4432
16713,4433
16717,4434
16718,4435
16719,4436
16721,4437
16723,4438
16726,4439
16727,4440
16728,4441
16732,4442
16733,4443
16734,4444
16735,4445
16737,4446
16738,4447
16739,4448
16745,4449
16746,4450
16749,4451
16750,4452
16751,4453
16752,4454
16757,4455
16760,4456
16761,4457
16764,4458
16767,4459
16768,4460
16769,4461
16775,4462
16776,4463
16777,4464
16780,4465
16785,4466
16788,4467
16791,4468
16792,4469
16793,4470
16795,4471
16796,4472
16797,4473
16798,4474
16799,4475
16802,4476
16803,4477
16805,4478
16806,4479
16809,4480
16811,4481
16814,4482
16816,4483
16818,4484
16822,4485
16824,4486
16827,4487
16828,4488
16829,4489
16830,4490
16831,4491
16832,4492
16833,4493
16834,4494
16835,4495
16836,4496
16838,4497
16839,4498
16840,4499
16841,4500
16842,4501
16843,4502
16845,4503
16846,4504
16847,4505
16848,4506
16852,4507
16853,4508
16856,4509
16857,4510
16858,4511
16859,4512
16860,4513
16861,4514
16862,4515
16864,4516
16867,4517
16869,4518
16871,4519
16872,4520
16873,4521
16874,4522
16875,4523
16877,4524
16878,4525
16879,4526
16881,4527
16882,4528
16883,4529
16884,4530
16885,4531
16886,4532
16887,4533
16889,4534
16891,4535
16892,4536
16895,4537
16897,4538
16899,4539
16900,4540
16902,4541
16903,4542
16904,4543
16906,4544
16907,4545
16908,4546
16909,4547
16915,4548
16916,4549
16920,4550
16921,4551
16922,4552
16923,4553
16925,4554
16926,4555
16927,4556
16929,4557
16930,4558
16931,4559
16937,4560
16938,4561
16939,4562
16941,4563
16942,4564
16943,4565
16946,4566
16950,4567
16955,4568
16959,4569
16960,4570
16962,4571
16964,4572
16975,4573
16977,4574
16979,4575
16981,4576
16982,4577
16983,4578
16984,4579
16986,4580
16987,4581
16989,4582
16990,4583
16992,4584
16993,4585
16995,4586
16996,4587
16997,4588
16999,4589
17000,4590
17002,4591
17005,4592
17006,4593
17007,4594
17009,4595
17010,4596
17011,4597
17013,4598
17014,4599
17015,4600
17017,4601
17021,4602
17027,4603
17028,4604
17035,4605
17036,4606
17037,4607
17042,4608
17043,4609
17045,4610
17046,4611
17047,4612
17053,4613
17054,4614
17055,4615
17057,4616
17058,4617
17061,4618
17065,4619
17066,4620
17070,4621
17079,4622
17080,4623
17081,4624
17084,4625
17085,4626
17086,4627
17089,4628
17091,4629
17093,4630
17094,4631
17095,4632
17097,4633
17098,4634
17099,4635
17100,4636
17102,4637
17106,4638
17107,4639
17108,4640
17110,4641
17111,4642
17117,4643
17119,4644
17122,4645
17124,4646
17127,4647
17128,4648
17134,4649
17136,4650
17137,4651
17138,4652
17142,4653
17143,4654
17144,4655
17146,4656
17147,4657
17151,4658
17152,4659
17153,4660
17154,4661
17156,4662
17157,4663
17159,4664
17160,4665
17162,4666
17164,4667
17166,4668
17168,4669
17169,4670
17170,4671
17173,4672
17174,4673
17175,4674
17176,4675
17180,4676
17181,4677
17182,4678
17185,4679
17191,4680
17193,4681
17196,4682
17197,4683
17202,4684
17203,4685
17206,4686
17209,4687
17210,4688
17211,4689
17212,4690
17216,4691
17222,4692
17224,4693
17226,4694
17227,4695
17229,4696
17230,4697
17235,4698
17238,4699
17240,4700
17245,4701
17251,4702
17252,4703
17254,4704
17255,4705
17256,4706
17261,4707
17262,4708
17264,4709
17266,4710
17269,4711
17270,4712
17271,4713
17272,4714
17273,4715
17274,4716
17278,4717
17279,4718
17282,4719
17283,4720
17284,4721
17285,4722
17287,4723
17288,4724
17290,4725
17291,4726
17292,4727
17293,4728
17294,4729
17295,4730
17298,4731
17299,4732
17300,4733
17302,4734
17306,4735
17307,4736
17309,4737
17310,4738
17312,4739
17313,4740
17314,4741
17321,4742
17322,4743
17323,4744
17324,4745
17325,4746
17327,4747
17328,4748
17330,4749
17334,4750
17336,4751
17337,4752
17339,4753
17340,4754
17342,4755
17348,4756
17349,4757
17353,4758
17356,4759
17359,4760
17360,4761
17361,4762
17362,4763
17363,4764
17364,4765
17366,4766
17370,4767
17372,4768
17374,4769
17375,4770
17376,4771
17378,4772
17383,4773
17384,4774
17390,4775
17391,4776
17394,4777
17395,4778
17397,4779
17398,4780
17399,4781
17400,4782
17401,4783
17404,4784
17409,4785
17411,4786
17413,4787
17414,4788
17416,4789
17417,4790
17418,4791
17419,4792
17420,4793
17421,4794
17422,4795
17429,4796
17435,4797
17437,4798
17438,4799
17439,4800
17443,4801
17445,4802
17446,4803
17447,4804
17448,4805
17449,4806
17450,4807
17451,4808
17453,4809
17454,4810
17455,4811
17456,4812
17457,4813
17462,4814
17467,4815
17469,4816
17470,4817
17471,4818
17472,4819
17476,4820
17482,4821
17485,4822
17486,4823
17487,4824
17490,4825
17494,4826
17497,4827
17501,4828
17503,4829
17504,4830
17505,4831
17506,4832
17507,4833
17509,4834
17510,4835
17516,4836
17517,4837
17520,4838
17521,4839
17522,4840
17523,4841
17526,4842
17529,4843
17531,4844
17532,4845
17535,4846
17536,4847
17537,4848
17539,4849
17541,4850
17542,4851
17543,4852
17545,4853
17546,4854
17548,4855
17551,4856
17555,4857
17559,4858
17561,4859
17562,4860
17564,4861
17566,4862
17570,4863
17572,4864
17574,4865
17576,4866
17578,4867
17579,4868
17581,4869
17586,4870
17587,4871
17588,4872
17590,4873
17591,4874
17592,4875
17597,4876
17598,4877
17600,4878
17601,4879
17602,4880
17604,4881
17608,4882
17611,4883
17612,4884
17619,4885
17620,4886
17622,4887
17626,4888
17627,4889
17630,4890
17632,4891
17633,4892
17636,4893
17637,4894
17639,4895
17642,4896
17643,4897
17644,4898
17645,4899
17653,4900
17656,4901
17659,4902
17660,4903
17662,4904
17663,4905
17666,4906
17668,4907
17669,4908
17671,4909
17675,4910
17676,4911
17677,4912
17678,4913
17680,4914
17683,4915
17684,4916
17688,4917
17689,4918
17692,4919
17694,4920
17698,4921
17699,4922
17700,4923
17701,4924
17702,4925
17703,4926
17704,4927
17705,4928
17708,4929
17710,4930
17711,4931
17712,4932
17717,4933
17722,4934
17723,4935
17726,4936
17729,4937
17730,4938
17731,4939
17732,4940
17733,4941
17736,4942
17737,4943
17738,4944
17740,4945
17741,4946
17744,4947
17745,4948
17746,4949
17749,4950
17750,4951
17754,4952
17755,4953
17756,4954
17757,4955
17762,4956
17765,4957
17766,4958
17767,4959
17768,4960
17769,4961
17771,4962
17772,4963
17775,4964
17776,4965
17777,4966
17779,4967
17780,4968
17782,4969
17785,4970
17786,4971
17788,4972
17789,4973
17790,4974
17791,4975
17792,4976
17795,4977
17796,4978
17797,4979
17798,4980
17802,4981
17804,4982
17805,4983
17807,4984
17812,4985
17814,4986
17815,4987
17816,4988
17819,4989
17821,4990
17824,4991
17828,4992
17829,4993
17830,4994
17832,4995
17834,4996
17835,4997
17837,4998
17838,4999
17840,5000
17843,5001
17845,5002
17846,5003
17847,5004
17848,5005
17849,5006
17851,5007
17853,5008
17854,5009
17856,5010
17861,5011
17862,5012
17867,5013
17872,5014
17876,5015
17878,5016
17879,5017
17880,5018
17884,5019
17892,5020
17893,5021
17895,5022
17899,5023
17901,5024
17902,5025
17904,5026
17905,5027
17910,5028
17911,5029
17912,5030
17913,5031
17914,5032
17917,5033
17918,5034
17919,5035
17921,5036
17922,5037
17924,5038
17928,5039
17929,5040
17932,5041
17936,5042
17938,5043
17939,5044
17940,5045
17941,5046
17942,5047
17945,5048
17946,5049
17947,5050
17949,5051
17952,5052
17955,5053
17957,5054
17962,5055
17963,5056
17964,5057
17971,5058
17975,5059
17977,5060
17980,5061
17982,5062
17986,5063
17988,5064
17994,5065
17995,5066
17997,5067
18001,5068
18002,5069
18003,5070
18004,5071
18006,5072
18007,5073
18011,5074
18012,5075
18013,5076
18014,5077
18017,5078
18018,5079
18021,5080
18022,5081
18023,5082
18032,5083
18034,5084
18035,5085
18038,5086
18039,5087
18044,5088
18046,5089
18047,5090
18048,5091
18050,5092
18052,5093
18053,5094
18059,5095
18060,5096
18061,5097
18069,5098
18070,5099
18073,5100
18075,5101
18076,5102
18078,5103
18079,5104
18082,5105
18084,5106
18086,5107
18089,5108
18091,5109
18092,5110
18093,5111
18094,5112
18096,5113
18097,5114
18101,5115
18103,5116
18107,5117
18109,5118
18111,5119
18112,5120
18113,5121
18114,5122
18115,5123
18116,5124
18119,5125
18120,5126
18121,5127
18123,5128
18124,5129
18125,5130
18126,5131
18131,5132
18132,5133
18133,5134
18134,5135
18137,5136
18138,5137
18139,5138
18142,5139
18146,5140
18149,5141
18153,5142
18156,5143
18160,5144
18163,5145
18164,5146
18166,5147
18167,5148
18168,5149
18169,5150
18171,5151
18172,5152
18175,5153
18176,5154
18179,5155
18180,5156
18181,5157
18182,5158
18183,5159
18184,5160
18185,5161
18186,5162
18187,5163
18192,5164
18197,5165
18199,5166
18200,5167
18201,5168
18205,5169
18207,5170
18209,5171
18210,5172
18212,5173
18213,5174
18217,5175
18218,5176
18220,5177
18221,5178
18222,5179
18223,5180
18224,5181
18227,5182
18228,5183
18232,5184
18234,5185
18235,5186
18237,5187
18239,5188
18240,5189
18241,5190
18242,5191
18245,5192
18247,5193
18250,5194
18251,5195
18252,5196
18253,5197
18257,5198
18262,5199
18268,5200
18269,5201
18276,5202
18279,5203
18283,5204
18284,5205
18285,5206
18287,5207
18288,5208
18289,5209
18291,5210
18294,5211
18295,5212
18297,5213
18300,5214
18310,5215
18311,5216
18313,5217
18316,5218
18317,5219
18318,5220
18322,5221
18327,5222
18329,5223
18331,5224
18332,5225
18333,5226
18334,5227
18337,5228
18338,5229
18339,5230
18340,5231
18342,5232
18343,5233
18344,5234
18345,5235
18348,5236
18350,5237
18351,5238
18353,5239
18355,5240
18358,5241
18363,5242
18366,5243
18369,5244
18370,5245
18373,5246
18375,5247
18380,5248
18382,5249
18385,5250
18386,5251
18387,5252
18390,5253
18392,5254
18393,5255
18394,5256
18399,5257
18401,5258
18409,5259
18411,5260
18414,5261
18420,5262
18423,5263
18424,5264
18426,5265
18428,5266
18430,5267
18431,5268
18437,5269
18438,5270
18440,5271
18441,5272
18443,5273
18448,5274
18450,5275
18453,5276
18458,5277
18461,5278
18464,5279
18466,5280
18468,5281
18469,5282
18474,5283
18475,5284
18476,5285
18480,5286
18481,5287
18482,5288
18484,5289
18486,5290
18489,5291
18490,5292
18498,5293
18499,5294
18500,5295
18506,5296
18507,5297
18508,5298
18512,5299
18515,5300
18518,5301
18520,5302
18521,5303
18522,5304
18525,5305
18527,5306
18530,5307
18531,5308
18533,5309
18534,5310
18535,5311
18541,5312
18544,5313
18547,5314
18548,5315
18549,5316
18551,5317
18552,5318
18554,5319
18558,5320
18559,5321
18560,5322
18563,5323
18564,5324
18567,5325
18570,5326
18571,5327
18572,5328
18574,5329
18576,5330
18579,5331
18585,5332
18587,5333
18588,5334
18589,5335
18591,5336
18596,5337
18598,5338
18601,5339
18602,5340
18608,5341
18610,5342
18613,5343
18616,5344
18617,5345
18622,5346
18623,5347
18624,5348
18625,5349
18626,5350
18627,5351
18629,5352
18635,5353
18639,5354
18643,5355
18650,5356
18651,5357
18652,5358
18658,5359
18659,5360
18660,5361
18661,5362
18662,5363
18673,5364
18675,5365
18676,5366
18677,5367
18679,5368
18680,5369
18681,5370
18685,5371
18686,5372
18688,5373
18692,5374
18696,5375
18699,5376
18703,5377
18705,5378
18707,5379
18710,5380
18711,5381
18712,5382
18715,5383
18722,5384
18724,5385
18725,5386
18726,5387
18727,5388
18728,5389
18730,5390
18731,5391
18734,5392
18735,5393
18741,5394
18742,5395
18744,5396
18745,5397
18748,5398
18749,5399
18750,5400
18751,5401
18756,5402
18759,5403
18762,5404
18763,5405
18768,5406
18769,5407
18771,5408
18772,5409
18776,5410
18778,5411
18779,5412
18780,5413
18787,5414
18793,5415
18794,5416
18795,5417
18803,5418
18804,5419
18805,5420
18807,5421
18808,5422
18809,5423
18810,5424
18812,5425
18813,5426
18816,5427
18817,5428
18819,5429
18820,5430
18822,5431
18823,5432
18824,5433
18825,5434
18826,5435
18829,5436
18830,5437
18833,5438
18834,5439
18835,5440
18838,5441
18842,5442
18850,5443
18852,5444
18857,5445
18858,5446
18861,5447
18862,5448
18872,5449
18875,5450
18880,5451
18885,5452
18886,5453
18887,5454
18888,5455
18889,5456
18897,5457
18898,5458
18900,5459
18901,5460
18903,5461
18908,5462
18911,5463
18916,5464
18917,5465
18921,5466
18922,5467
18924,5468
18925,5469
18934,5470
18937,5471
18939,5472
18941,5473
18942,5474
18946,5475
18947,5476
18948,5477
18950,5478
18952,5479
18957,5480
18958,5481
18959,5482
18963,5483
18964,5484
18966,5485
18968,5486
18969,5487
18973,5488
18975,5489
18977,5490
18982,5491
18987,5492
18988,5493
18993,5494
18995,5495
19002,5496
19003,5497
19005,5498
19006,5499
19011,5500
19012,5501
19018,5502
19021,5503
19024,5504
19027,5505
19038,5506
19039,5507
19046,5508
19047,5509
19048,5510
19049,5511
19052,5512
19056,5513
19059,5514
19060,5515
19061,5516
19063,5517
19064,5518
19065,5519
19071,5520
19074,5521
19076,5522
19077,5523
19081,5524
19082,5525
19083,5526
19085,5527
19088,5528
19091,5529
19092,5530
19094,5531
19095,5532
19096,5533
19097,5534
19098,5535
19102,5536
19103,5537
19109,5538
19111,5539
19113,5540
19114,5541
19115,5542
19116,5543
19117,5544
19120,5545
19121,5546
19123,5547
19127,5548
19129,5549
19134,5550
19137,5551
19138,5552
19141,5553
19144,5554
19154,5555
19156,5556
19158,5557
19166,5558
19169,5559
19173,5560
19175,5561
19178,5562
19180,5563
19181,5564
19186,5565
19188,5566
19191,5567
19193,5568
19194,5569
19204,5570
19211,5571
19212,5572
19214,5573
19215,5574
19216,5575
19217,5576
19220,5577
19221,5578
19224,5579
19225,5580
19227,5581
19230,5582
19232,5583
19245,5584
19247,5585
19249,5586
19250,5587
19255,5588
19258,5589
19260,5590
19261,5591
19262,5592
19264,5593
19266,5594
19267,5595
19268,5596
19269,5597
19272,5598
19273,5599
19276,5600
19278,5601
19279,5602
19288,5603
19296,5604
19300,5605
19302,5606
19307,5607
19317,5608
19326,5609
19338,5610
19342,5611
19348,5612
19350,5613
19362,5614
19365,5615
19367,5616
19370,5617
19377,5618
19380,5619
19386,5620
19393,5621
19395,5622
19396,5623
19397,5624
19398,5625
19400,5626
19401,5627
19406,5628
19408,5629
19411,5630
19414,5631
19423,5632
19434,5633
19440,5634
19444,5635
19447,5636
19450,5637
19456,5638
19469,5639
19471,5640
19475,5641
19476,5642
19486,5643
19487,5644
19490,5645
19494,5646
19500,5647
19502,5648
19508,5649
19509,5650
19510,5651
19511,5652
19512,5653
19513,5654
19522,5655
19523,5656
19524,5657
19527,5658
19528,5659
19533,5660
19538,5661
19541,5662
19550,5663
19551,5664
19552,5665
19556,5666
19564,5667
19565,5668
19567,5669
19571,5670
19580,5671
19589,5672
19590,5673
19593,5674
19611,5675
19632,5676
19633,5677
19639,5678
19640,5679
19641,5680
19653,5681
19657,5682
19662,5683
19663,5684
19665,5685
19666,5686
19672,5687
19684,5688
19691,5689
19694,5690
19695,5691
19697,5692
19700,5693
19719,5694
19722,5695
19737,5696
19739,5697
19751,5698
19755,5699
19760,5700
19764,5701
19766,5702
19769,5703
19773,5704
19776,5705
19802,5706
19806,5707
19810,5708
19811,5709
19818,5710
19823,5711
19857,5712
23053,5713
23798,5714
